,accuracy,f1,training_time
Logistic Regression,0.82,0.82,0.5
SVM (RBF),0.9198,0.9195,15.33
Random Forest,0.9448,0.9447,0.88
Simple NN,0.8558333333333333,0.8539734067295888,N/A
CNN,0.9641666666666666,0.9641872581716184,N/A
